{
  "tees": [
    {
      "ring": [
        [
          53.527628,
          9.42634
        ],
        [
          53.527645,
          9.426449
        ],
        [
          53.527461,
          9.426557
        ],
        [
          53.527443,
          9.426443
        ],
        [
          53.527628,
          9.42634
        ]
      ]
    },
    {
      "ring": [
        [
          53.528742,
          9.428751
        ],
        [
          53.529041,
          9.429487
        ],
        [
          53.528963,
          9.429675
        ],
        [
          53.528738,
          9.429325
        ],
        [
          53.528582,
          9.428861
        ],
        [
          53.528742,
          9.428751
        ]
      ]
    }
  ],
  "holes": [
    {
      "ref": 1,
      "line": [
        [
          53.527548,
          9.426447
        ],
        [
          53.528838,
          9.42564
        ]
      ]
    }
  ],
  "water": [],
  "woods": [],
  "greens": [
    {
      "ring": [
        [
          53.528891,
          9.425515
        ],
        [
          53.528915,
          9.425634
        ],
        [
          53.528897,
          9.425766
        ],
        [
          53.528832,
          9.4258
        ],
        [
          53.528756,
          9.425788
        ],
        [
          53.528731,
          9.425735
        ],
        [
          53.528728,
          9.425672
        ],
        [
          53.528745,
          9.425557
        ],
        [
          53.528774,
          9.425469
        ],
        [
          53.528837,
          9.425463
        ],
        [
          53.528891,
          9.425515
        ]
      ]
    }
  ],
  "bunkers": [
    {
      "ring": [
        [
          53.528781,
          9.42543
        ],
        [
          53.528724,
          9.425493
        ],
        [
          53.528715,
          9.425607
        ],
        [
          53.528701,
          9.425641
        ],
        [
          53.528664,
          9.425623
        ],
        [
          53.528659,
          9.425499
        ],
        [
          53.5287,
          9.425436
        ],
        [
          53.528745,
          9.425373
        ],
        [
          53.528774,
          9.425383
        ],
        [
          53.528781,
          9.42543
        ]
      ]
    }
  ],
  "fairways": [
    {
      "ref": 1,
      "ring": [
        [
          53.527938,
          9.426276
        ],
        [
          53.528,
          9.426365
        ],
        [
          53.528109,
          9.426374
        ],
        [
          53.528568,
          9.426089
        ],
        [
          53.528737,
          9.425869
        ],
        [
          53.528694,
          9.425703
        ],
        [
          53.528578,
          9.425597
        ],
        [
          53.528489,
          9.425646
        ],
        [
          53.52839,
          9.425784
        ],
        [
          53.528278,
          9.425825
        ],
        [
          53.528162,
          9.425918
        ],
        [
          53.527929,
          9.426048
        ],
        [
          53.527924,
          9.426153
        ],
        [
          53.527938,
          9.426276
        ]
      ]
    }
  ]
}
