{
  "tees": [
    {
      "ring": [
        [
          48.115699,
          11.341658
        ],
        [
          48.115711,
          11.341656
        ],
        [
          48.115722,
          11.341649
        ],
        [
          48.11573,
          11.341636
        ],
        [
          48.115736,
          11.34162
        ],
        [
          48.115765,
          11.341425
        ],
        [
          48.115766,
          11.341416
        ],
        [
          48.115763,
          11.341399
        ],
        [
          48.115758,
          11.341384
        ],
        [
          48.115749,
          11.341373
        ],
        [
          48.115739,
          11.341366
        ],
        [
          48.115728,
          11.341365
        ],
        [
          48.115716,
          11.341369
        ],
        [
          48.115707,
          11.341378
        ],
        [
          48.1157,
          11.341391
        ],
        [
          48.115698,
          11.341399
        ],
        [
          48.115667,
          11.341595
        ],
        [
          48.115667,
          11.341613
        ],
        [
          48.115671,
          11.34163
        ],
        [
          48.115678,
          11.341644
        ],
        [
          48.115688,
          11.341654
        ],
        [
          48.115699,
          11.341658
        ]
      ]
    },
    {
      "ring": [
        [
          48.116451,
          11.350096
        ],
        [
          48.116459,
          11.350083
        ],
        [
          48.116464,
          11.350067
        ],
        [
          48.116465,
          11.350049
        ],
        [
          48.116462,
          11.350032
        ],
        [
          48.116396,
          11.349856
        ],
        [
          48.116393,
          11.349849
        ],
        [
          48.116384,
          11.349839
        ],
        [
          48.116373,
          11.349833
        ],
        [
          48.116362,
          11.349833
        ],
        [
          48.116351,
          11.349839
        ],
        [
          48.116342,
          11.349849
        ],
        [
          48.116335,
          11.349863
        ],
        [
          48.116332,
          11.349879
        ],
        [
          48.116333,
          11.349896
        ],
        [
          48.116335,
          11.349905
        ],
        [
          48.116399,
          11.350081
        ],
        [
          48.116407,
          11.350095
        ],
        [
          48.116417,
          11.350104
        ],
        [
          48.116429,
          11.350107
        ],
        [
          48.116441,
          11.350104
        ],
        [
          48.116451,
          11.350096
        ]
      ]
    },
    {
      "ring": [
        [
          48.114383,
          11.346565
        ],
        [
          48.114382,
          11.346582
        ],
        [
          48.114386,
          11.346599
        ],
        [
          48.114393,
          11.346614
        ],
        [
          48.114403,
          11.346624
        ],
        [
          48.114528,
          11.346694
        ],
        [
          48.114534,
          11.346696
        ],
        [
          48.114545,
          11.346695
        ],
        [
          48.114556,
          11.346689
        ],
        [
          48.114565,
          11.346678
        ],
        [
          48.114571,
          11.346663
        ],
        [
          48.114573,
          11.346646
        ],
        [
          48.114572,
          11.346629
        ],
        [
          48.114567,
          11.346614
        ],
        [
          48.11456,
          11.346601
        ],
        [
          48.114554,
          11.346597
        ],
        [
          48.114429,
          11.346525
        ],
        [
          48.114417,
          11.346523
        ],
        [
          48.114405,
          11.346526
        ],
        [
          48.114395,
          11.346535
        ],
        [
          48.114387,
          11.346548
        ],
        [
          48.114383,
          11.346565
        ]
      ]
    },
    {
      "ring": [
        [
          48.113185,
          11.346766
        ],
        [
          48.113173,
          11.346766
        ],
        [
          48.113162,
          11.346772
        ],
        [
          48.113152,
          11.346783
        ],
        [
          48.113146,
          11.346798
        ],
        [
          48.113105,
          11.346989
        ],
        [
          48.113104,
          11.346998
        ],
        [
          48.113105,
          11.347015
        ],
        [
          48.11311,
          11.34703
        ],
        [
          48.113118,
          11.347043
        ],
        [
          48.113127,
          11.347051
        ],
        [
          48.113139,
          11.347054
        ],
        [
          48.11315,
          11.347051
        ],
        [
          48.11316,
          11.347044
        ],
        [
          48.113168,
          11.347032
        ],
        [
          48.113171,
          11.347024
        ],
        [
          48.113213,
          11.346833
        ],
        [
          48.113214,
          11.346815
        ],
        [
          48.113212,
          11.346798
        ],
        [
          48.113205,
          11.346783
        ],
        [
          48.113196,
          11.346772
        ],
        [
          48.113185,
          11.346766
        ]
      ]
    },
    {
      "ring": [
        [
          48.114922,
          11.340921
        ],
        [
          48.114934,
          11.340919
        ],
        [
          48.114945,
          11.340912
        ],
        [
          48.114953,
          11.340899
        ],
        [
          48.114959,
          11.340883
        ],
        [
          48.114988,
          11.340687
        ],
        [
          48.114988,
          11.340679
        ],
        [
          48.114986,
          11.340662
        ],
        [
          48.114981,
          11.340647
        ],
        [
          48.114972,
          11.340636
        ],
        [
          48.114962,
          11.340629
        ],
        [
          48.11495,
          11.340628
        ],
        [
          48.114939,
          11.340632
        ],
        [
          48.11493,
          11.340641
        ],
        [
          48.114922,
          11.340654
        ],
        [
          48.11492,
          11.340662
        ],
        [
          48.11489,
          11.340858
        ],
        [
          48.11489,
          11.340876
        ],
        [
          48.114893,
          11.340893
        ],
        [
          48.114901,
          11.340907
        ],
        [
          48.114911,
          11.340917
        ],
        [
          48.114922,
          11.340921
        ]
      ]
    },
    {
      "ring": [
        [
          48.11488,
          11.344415
        ],
        [
          48.114891,
          11.344413
        ],
        [
          48.114902,
          11.344406
        ],
        [
          48.114911,
          11.344393
        ],
        [
          48.114916,
          11.344377
        ],
        [
          48.114945,
          11.344181
        ],
        [
          48.114946,
          11.344173
        ],
        [
          48.114944,
          11.344156
        ],
        [
          48.114938,
          11.344141
        ],
        [
          48.11493,
          11.34413
        ],
        [
          48.114919,
          11.344123
        ],
        [
          48.114908,
          11.344122
        ],
        [
          48.114897,
          11.344126
        ],
        [
          48.114887,
          11.344135
        ],
        [
          48.11488,
          11.344148
        ],
        [
          48.114878,
          11.344156
