{
  "tees": [],
  "holes": [
    {
      "ref": 1,
      "line": [
        [
          53.530785,
          10.204315
        ],
        [
          53.530445,
          10.20313
        ]
      ]
    }
  ],
  "water": [],
  "woods": [],
  "greens": [
    {
      "ring": [
        [
          53.532101,
          10.202984
        ],
        [
          53.532078,
          10.202964
        ],
        [
          53.532002,
          10.202898
        ],
        [
          53.531942,
          10.202976
        ],
        [
          53.531902,
          10.203078
        ],
        [
          53.531902,
          10.203201
        ],
        [
          53.531966,
          10.203291
        ],
        [
          53.532075,
          10.203291
        ],
        [
          53.532091,
          10.20327
        ],
        [
          53.532115,
          10.203237
        ],
        [
          53.53209,
          10.203161
        ],
        [
          53.532092,
          10.203095
        ],
        [
          53.532112,
          10.203057
        ],
        [
          53.532101,
          10.202984
        ]
      ]
    },
    {
      "ring": [
        [
          53.531881,
          10.20404
        ],
        [
          53.531878,
          10.20399
        ],
        [
          53.531844,
          10.20396
        ],
        [
          53.5318,
          10.203957
        ],
        [
          53.53176,
          10.203979
        ],
        [
          53.531724,
          10.204017
        ],
        [
          53.531696,
          10.204122
        ],
        [
          53.531692,
          10.204183
        ],
        [
          53.531696,
          10.204245
        ],
        [
          53.531721,
          10.204297
        ],
        [
          53.531763,
          10.20432
        ],
        [
          53.531818,
          10.204354
        ],
        [
          53.531869,
          10.204335
        ],
        [
          53.531885,
          10.204314
        ],
        [
          53.531897,
          10.204288
        ],
        [
          53.531883,
          10.204205
        ],
        [
          53.531886,
          10.204139
        ],
        [
          53.531906,
          10.204101
        ],
        [
          53.531881,
          10.20404
        ]
      ]
    },
    {
      "ring": [
        [
          53.531287,
          10.203727
        ],
        [
          53.531262,
          10.203712
        ],
        [
          53.531179,
          10.203656
        ],
        [
          53.53114,
          10.203691
        ],
        [
          53.53111,
          10.203803
        ],
        [
          53.531099,
          10.203855
        ],
        [
          53.531159,
          10.203933
        ],
        [
          53.531216,
          10.203966
        ],
        [
          53.531281,
          10.204044
        ],
        [
          53.531298,
          10.203995
        ],
        [
          53.531323,
          10.203961
        ],
        [
          53.531334,
          10.203919
        ],
        [
          53.531337,
          10.203852
        ],
        [
          53.53132,
          10.203781
        ],
        [
          53.531287,
          10.203727
        ]
      ]
    },
    {
      "ring": [
        [
          53.531543,
          10.203028
        ],
        [
          53.5315,
          10.202985
        ],
        [
          53.531452,
          10.20295
        ],
        [
          53.531412,
          10.202986
        ],
        [
          53.53139,
          10.203028
        ],
        [
          53.531351,
          10.20313
        ],
        [
          53.53134,
          10.203182
        ],
        [
          53.531356,
          10.203226
        ],
        [
          53.531402,
          10.203242
        ],
        [
          53.531469,
          10.203329
        ],
        [
          53.531499,
          10.203425
        ],
        [
          53.531559,
          10.203389
        ],
        [
          53.531586,
          10.20334
        ],
        [
          53.531599,
          10.203287
        ],
        [
          53.531596,
          10.203219
        ],
        [
          53.531582,
          10.203127
        ],
        [
          53.531568,
          10.203101
        ],
        [
          53.531543,
          10.203028
        ]
      ]
    }
  ],