{
  "tees": [
    {
      "ring": [
        [
          54.112151,
          13.107038
        ],
        [
          54.112156,
          13.107057
        ],
        [
          54.112186,
          13.107054
        ],
        [
          54.112226,
          13.107044
        ],
        [
          54.112226,
          13.107028
        ],
        [
          54.112213,
          13.106813
        ],
        [
          54.112155,
          13.106828
        ],
        [
          54.112136,
          13.106835
        ],
        [
          54.112134,
          13.106867
        ],
        [
          54.112149,
          13.106989
        ],
        [
          54.112151,
          13.107038
        ]
      ]
    },
    {
      "ring": [
        [
          54.110006,
          13.102401
        ],
        [
          54.110036,
          13.102604
        ],
        [
          54.110034,
          13.102625
        ],
        [
          54.110023,
          13.102637
        ],
        [
          54.109958,
          13.102665
        ],
        [
          54.109948,
          13.102661
        ],
        [
          54.109943,
          13.102654
        ],
        [
          54.109919,
          13.102448
        ],
        [
          54.109921,
          13.102429
        ],
        [
          54.109925,
          13.102425
        ],
        [
          54.109998,
          13.102397
        ],
        [
          54.110006,
          13.102401
        ]
      ]
    },
    {
      "ring": [
        [
          54.109541,
          13.101743
        ],
        [
          54.109554,
          13.101769
        ],
        [
          54.109557,
          13.101865
        ],
        [
          54.109554,
          13.101889
        ],
        [
          54.109543,
          13.101899
        ],
        [
          54.10951,
          13.101893
        ],
        [
          54.109499,
          13.101889
        ],
        [
          54.109452,
          13.101885
        ],
        [
          54.109429,
          13.101883
        ],
        [
          54.109428,
          13.101822
        ],
        [
          54.109429,
          13.101781
        ],
        [
          54.109433,
          13.101746
        ],
        [
          54.109458,
          13.101742
        ],
        [
          54.109488,
          13.101742
        ],
        [
          54.109541,
          13.101743
        ]
      ]
    },
    {
      "ring": [
        [
          54.109498,
          13.107596
        ],
        [
          54.109508,
          13.107582
        ],
        [
          54.109534,
          13.107581
        ],
        [
          54.109605,
          13.107605
        ],
        [
          54.109611,
          13.10762
        ],
        [
          54.109607,
          13.107707
        ],
        [
          54.109598,
          13.107735
        ],
        [
          54.109511,
          13.107729
        ],
        [
          54.109494,
          13.107719
        ],
        [
          54.109491,
          13.107701
        ],
        [
          54.109498,
          13.107596
        ]
      ]
    },
    {
      "ring": [
        [
          54.109474,
          13.106915
        ],
        [
          54.109467,
          13.106937
        ],
        [
          54.109496,
          13.107037
        ],
        [
          54.109513,
          13.107044
        ],
        [
          54.109532,
          13.107038
        ],
        [
          54.109542,
          13.107022
        ],
        [
          54.109541,
          13.107011
        ],
        [
          54.109516,
          13.106906
        ],
        [
          54.109507,
          13.106892
        ],
        [
          54.10949,
          13.106896
        ],
        [
          54.109474,
          13.106915
        ]
      ]
    },
    {
      "ring": [
        [
          54.107443,
          13.104539
        ],
        [
          54.107445,
          13.104559
        ],
        [
          54.107529,
          13.104674
        ],
        [
          54.107543,
          13.104666
        ],
        [
          54.107575,
          13.104592
        ],
        [
          54.107582,
          13.104585
        ],
        [
          54.107581,
          13.104567
        ],
        [
          54.107565,
          13.104545
        ],
        [
          54.107553,
          13.104513
        ],
        [
          54.107534,
          13.104499
        ],
        [
          54.107499,
          13.104459
        ],
        [
          54.107485,
          13.104459
        ],
        [
          54.107473,
          13.104474
        ],
        [
          54.107443,
          13.104539
        ]
      ]
    },
    {
      "ring": [
        [
          54.105863,
          13.106497
        ],
        [
          54.10588,
          13.106519
        ],
        [
          54.1059,
          13.106515
        ],
        [
          54.105915,
          13.106499
        ],
        [
          54.10592,
          13.106477
        ],
        [
          54.105917,
          13.106452
        ],
        [
          54.105894,
          13.106417
        ],
        [
          54.105879,
          13.106417
        ],
        [
          54.105863,
          13.106427
        ],
        [
          54.105856,
          13.106447
        ],
        [
          54.105863,
          13.106497
        ]
      ]
    },
    {
      "ring": [
        [
          54.106,
          13.107417
        ],
        [
          54.105935,
          13.107627
        ],
        [
          54.105931,
          13.107642
        ],
        [
          54.105934,
          13.107652
        ],
        [
          54.105982,
          13.107702
        ],
        [
          54.105997,
          13.107702
        ],
        [
          54.106009,
          13.107681
        ],
        [
          54.106073,
          13.107486
        ],
        [
          54.106073,
          13.10747
        ],
        [
          54.10607,
          13.107456
        ],
        [
          54.106022,
          13.107411
        ],
        [
          54.106011,
          13.107407
        ],
        [
          54.106,
          13.107417
        ]
      ]
    },
    {
      "ring": [
        [
          54.103868,
          13.112366
        ],
        [
          54.103867,
          13.112377
        ],
        [
          54.103872,
          13.112399
        ],
        [
          54.103919,
          13.112456
        ],
        [
          54.103924,
          13.112458
        ],
        [
          54.103954,
          13.112417
        ],
        [
          54.103974,
          13.112373
        ],
        [
          54.103994,
          13.112282
        ],
        [
          54.103993,
          13.112264
        ],
        [
          54.103962,
          13.112221
        ],
        [
          54.103947,
          13.112209
        ],
        [
          54.103933,
          13.112206
        ],
        [
          54.103924,
          13.112215
        ],
        [
          54.103868,
          13.112366
        ]
      ]
    },
    {
      "ring": [
        [
          54.105728,
          13.10794
        ],
        [
          54.1057,
          13.10807
        ],
        [
          54.105694,
          13.108099
        ],
        [
          54.105697,
          13.108117
        ],
        [
          54.105735,
          13.108141
        ],
        [
          54.105749,
          13.108143
        ],
        [
          54.105761,
          13.108131
        ],
        [
          54.105792,
          13.108008
        ],
        [
          54.105803,
          13.107962
        ],
        [
          54.105797,
          13.107937
        ],
        [
          54.105764,
          13.107917
        ],
        [
          54.105744,
